City_ID,City,Country,Date,Lat,Lng,Max Temp,Humidity,Cloudiness,Wind Speed
0,Zimapan,MX,2021-12-04 00:17:21,20.75,-99.35,56.79,56,72,5.44
1,Albany,US,2021-12-04 00:16:04,42.6001,-73.9662,31.8,60,1,8.19
2,Moerai,PF,2021-12-04 00:17:21,-22.4333,-151.3333,77.95,78,58,14.05
3,Punta Arenas,CL,2021-12-04 00:14:42,-53.15,-70.9167,53.71,54,75,19.57
4,Bredasdorp,ZA,2021-12-04 00:17:21,-34.5322,20.0403,59.29,71,94,6.71
5,Castro,BR,2021-12-04 00:17:22,-24.7911,-50.0119,60.17,96,32,8.55
6,Victoria,HK,2021-12-04 00:09:56,22.2855,114.1577,64.26,39,12,1.01
7,Barrow,US,2021-12-04 00:14:40,71.2906,-156.7887,-12.98,70,1,18.41
8,Ushuaia,AR,2021-12-04 00:17:22,-54.8,-68.3,55.06,44,40,18.41
9,Vaini,TO,2021-12-04 00:17:23,-21.2,-175.2,84.36,84,40,14.97
10,Rikitea,PF,2021-12-04 00:14:38,-23.1203,-134.9692,76.93,73,69,15.82
11,Viedma,AR,2021-12-04 00:17:23,-40.8135,-62.9967,56.37,52,36,10.87
12,Bandarbeyla,SO,2021-12-04 00:17:24,9.4942,50.8122,74.52,69,2,15.7
13,Mataura,NZ,2021-12-04 00:17:24,-46.1927,168.8643,59.85,99,100,2.89
14,Codrington,AU,2021-12-04 00:17:25,-38.2667,141.9667,62.83,58,60,15.66
15,Yar-Sale,RU,2021-12-04 00:17:25,66.8333,70.8333,-9.35,92,100,9.73
16,Butaritari,KI,2021-12-04 00:14:40,3.0707,172.7902,81.97,74,43,9.4
17,Jamestown,US,2021-12-04 00:14:45,42.097,-79.2353,35.24,81,90,5.99
18,Eureka,US,2021-12-04 00:15:57,40.8021,-124.1637,53.2,95,43,1.72
19,Gorontalo,ID,2021-12-04 00:17:26,0.5412,123.0595,81.09,85,100,4.09
20,Nara,JP,2021-12-04 00:13:49,34.6851,135.8049,51.08,49,61,12.93
21,Coihaique,CL,2021-12-04 00:17:26,-45.5752,-72.0662,58.95,41,0,4.61
22,Dorchester,US,2021-12-04 00:17:27,33.1002,-80.3831,60.84,82,1,3.44
23,Hilo,US,2021-12-04 00:14:53,19.7297,-155.09,80.8,71,75,10.36
24,Leningradskiy,RU,2021-12-04 00:17:27,69.3833,178.4167,6.51,83,59,17.2
25,Lodja,CD,2021-12-04 00:17:28,-3.4833,23.4333,69.87,99,100,1.01
26,Longyearbyen,SJ,2021-12-04 00:17:28,78.2186,15.6401,35.44,60,40,18.41
27,Hithadhoo,MV,2021-12-04 00:17:28,-0.6,73.0833,81.79,76,28,11.3
28,Kruisfontein,ZA,2021-12-04 00:17:29,-34.0033,24.7314,56.88,86,100,1.32
29,Atar,MR,2021-12-04 00:17:29,20.5169,-13.0499,68.94,26,93,9.17
30,Komsomolskiy,UZ,2021-12-04 00:17:29,40.4272,71.7189,41.72,48,100,4.61
31,Casma,CL,2021-12-04 00:16:32,-41.0082,-73.1244,56.25,56,0,6.29
32,Taree,AU,2021-12-04 00:17:30,-31.9,152.4667,76.93,69,75,6.91
33,Luderitz,NA,2021-12-04 00:17:30,-26.6481,15.1594,61.05,78,33,9.48
34,Portland,US,2021-12-04 00:17:30,45.5234,-122.6762,48.61,78,20,3.0
35,Santiago Del Estero,AR,2021-12-04 00:17:31,-27.7951,-64.2615,86.86,35,67,9.53
36,Cabo Rojo,PR,2021-12-04 00:17:31,18.0866,-67.1457,80.98,92,39,1.01
37,Port Alfred,ZA,2021-12-04 00:14:41,-33.5906,26.891,64.74,77,100,8.01
38,Guatire,VE,2021-12-04 00:17:31,10.4762,-66.5427,77.5,95,86,1.97
39,Provideniya,RU,2021-12-04 00:13:36,64.3833,-173.3,30.67,96,100,14.76
40,Lebu,CL,2021-12-04 00:16:02,-37.6167,-73.65,53.24,87,0,19.93
41,Hobart,AU,2021-12-04 00:14:51,-42.8794,147.3294,55.06,63,40,3.0
42,Krasnyy Yar,RU,2021-12-04 00:17:32,46.5331,48.3456,39.13,81,98,11.68
43,Dalnerechensk,RU,2021-12-04 00:17:32,45.9339,133.7225,-3.37,92,86,6.44
44,Westport,US,2021-12-04 00:17:33,41.1415,-73.3579,42.76,57,1,1.01
45,Bathsheba,BB,2021-12-04 00:18:33,13.2167,-59.5167,81.21,78,40,13.8
46,Khatanga,RU,2021-12-04 00:18:33,71.9667,102.5,-19.21,98,100,15.19
47,New Norfolk,AU,2021-12-04 00:18:34,-42.7826,147.0587,57.65,41,78,1.99
48,Sinnamary,GF,2021-12-04 00:17:14,5.3833,-52.95,77.86,88,76,9.04
49,Thinadhoo,MV,2021-12-04 00:18:31,0.5333,72.9333,82.22,76,18,10.92
50,Mar Del Plata,AR,2021-12-04 00:14:45,-38.0023,-57.5575,60.1,89,100,3.0
51,Antofagasta,CL,2021-12-04 00:18:34,-23.65,-70.4,61.88,74,26,5.93
52,Salta,AR,2021-12-04 00:18:35,-24.7859,-65.4117,81.19,44,75,6.91
53,Port Elizabeth,ZA,2021-12-04 00:18:35,-33.918,25.5701,59.29,88,0,3.44
54,Leiyang,CN,2021-12-04 00:18:35,26.4024,112.8591,48.29,64,94,1.28
55,Arraial Do Cabo,BR,2021-12-04 00:18:36,-22.9661,-42.0278,72.23,75,6,4.07
56,Mount Isa,AU,2021-12-04 00:18:36,-20.7333,139.5,96.57,26,66,17.27
57,Bethel,US,2021-12-04 00:16:05,41.3712,-73.414,39.49,58,1,1.01
58,Storforshei,NO,2021-12-04 00:18:37,66.4043,14.5233,8.24,87,71,8.7
59,Tiarei,PF,2021-12-04 00:18:37,-17.5333,-149.3333,86.02,76,47,17.07
60,Ponta Do Sol,PT,2021-12-04 00:18:37,32.6667,-17.1,65.03,69,68,8.52
61,Domoni,KM,2021-12-04 00:18:38,-12.2569,44.5319,78.58,78,9,4.05
62,Atuona,PF,2021-12-04 00:14:46,-9.8,-139.0333,78.91,71,14,16.46
63,Sobolevo,RU,2021-12-04 00:14:42,54.4299,31.8996,27.14,91,62,14.85
64,Carnarvon,AU,2021-12-04 00:18:38,-24.8667,113.6333,75.27,78,0,11.5
65,Busselton,AU,2021-12-04 00:14:50,-33.65,115.3333,65.05,53,2,13.56
66,Isangel,VU,2021-12-04 00:18:39,-19.55,169.2667,83.14,70,72,10.29
67,Sakakah,SA,2021-12-04 00:18:39,29.9697,40.2064,51.37,43,100,7.7
68,Hermanus,ZA,2021-12-04 00:18:39,-34.4187,19.2345,59.9,74,86,11.81
69,Marmora,IT,2021-12-04 00:18:40,44.4583,7.094,31.32,57,86,7.36
70,Kushmurun,KZ,2021-12-04 00:18:40,52.4503,64.6311,28.26,91,40,11.59
71,Thompson,CA,2021-12-04 00:12:20,55.7435,-97.8558,-3.26,98,99,4.38
72,Anadyr,RU,2021-12-04 00:17:07,64.75,177.4833,10.9,72,40,22.37
73,Tateyama,JP,2021-12-04 00:18:41,34.9833,139.8667,56.1,55,0,27.94
74,Nikolskoye,RU,2021-12-04 00:18:41,59.7035,30.7861,24.03,95,100,6.64
75,Yellowknife,CA,2021-12-04 00:14:47,62.456,-114.3525,-6.45,93,100,10.85
76,Fortuna,US,2021-12-04 00:18:42,40.5982,-124.1573,57.42,73,90,1.01
77,North Platte,US,2021-12-04 00:13:59,41.1239,-100.7654,48.38,46,1,1.99
78,Georgetown,MY,2021-12-04 00:18:42,5.4112,100.3354,79.9,85,20,1.99
79,Kargil,IN,2021-12-04 00:18:43,34.5667,76.1,13.51,68,77,1.88
80,Balikpapan,ID,2021-12-04 00:18:43,-1.2675,116.8289,79.79,94,20,6.91
81,Lac Du Bonnet,CA,2021-12-04 00:18:43,50.2536,-96.0612,23.23,89,90,13.18
82,Camacha,PT,2021-12-04 00:14:45,33.0833,-16.3333,61.56,67,75,13.8
83,Kholodnyy,RU,2021-12-04 00:18:44,62.7167,147.95,-26.52,99,100,2.89
84,Saint George,US,2021-12-04 00:14:30,37.1041,-113.5841,65.35,23,1,0.0
85,Bambous Virieux,MU,2021-12-04 00:18:44,-20.3428,57.7575,76.21,88,20,5.75
86,Cockburn Town,TC,2021-12-04 00:18:45,21.4612,-71.1419,79.61,76,5,15.68
87,Klyuchi,RU,2021-12-04 00:18:45,52.2667,79.1667,24.37,86,23,14.05
88,Riohacha,CO,2021-12-04 00:18:45,11.5444,-72.9072,80.83,72,100,12.26
89,Castro-Urdiales,ES,2021-12-04 00:18:46,43.3829,-3.2204,54.99,82,46,8.55
90,Narsaq,GL,2021-12-04 00:18:46,60.9167,-46.05,17.82,62,86,11.18
91,Upernavik,GL,2021-12-04 00:19:47,72.7868,-56.1549,11.39,74,31,9.04
92,Talnakh,RU,2021-12-04 00:19:47,69.4865,88.3972,-25.8,97,100,13.11
93,Mahebourg,MU,2021-12-04 00:18:41,-20.4081,57.7,76.24,88,20,5.75
94,Ostrovnoy,RU,2021-12-04 00:19:48,68.0531,39.5131,19.98,75,100,2.82
95,Tiksi,RU,2021-12-04 00:19:48,71.6872,128.8694,-31.95,98,48,6.33
96,Tautira,PF,2021-12-04 00:19:48,-17.7333,-149.15,86.02,76,37,16.22
97,Faanui,PF,2021-12-04 00:19:49,-16.4833,-151.75,81.55,71,33,19.24
98,Antalaha,MG,2021-12-04 00:19:49,-14.9003,50.2788,72.12,89,11,5.14
99,Kapaa,US,2021-12-04 00:19:41,22.0752,-159.319,78.78,66,1,1.99
100,Bengkulu,ID,2021-12-04 00:19:50,-3.8004,102.2655,77.36,85,100,4.14
101,Aswan,EG,2021-12-04 00:19:50,24.0934,32.907,65.37,33,7,8.12
102,Bluff,NZ,2021-12-04 00:14:50,-46.6,168.3333,58.03,98,100,8.79
103,Beloha,MG,2021-12-04 00:19:50,-25.1667,45.05,73.74,54,1,3.15
104,Ankazoabo,MG,2021-12-04 00:19:51,-22.2833,44.5167,76.24,52,0,3.56
105,Salvador,SV,2021-12-04 00:18:37,13.8333,-88.9167,72.0,64,82,2.77
106,Duldurga,RU,2021-12-04 00:19:51,50.6761,113.5931,11.39,83,6,3.71
107,Langham,CA,2021-12-04 00:19:52,52.3668,-106.9679,21.02,88,6,7.25
108,Torbay,CA,2021-12-04 00:19:52,47.6666,-52.7314,47.68,86,75,32.21
109,Brightwater,NZ,2021-12-04 00:19:52,-41.3833,173.1167,64.69,91,100,5.75
110,Ternate,ID,2021-12-04 00:19:53,0.8,127.4,80.83,78,100,11.3
111,Lhokseumawe,ID,2021-12-04 00:19:53,5.1801,97.1507,74.7,90,100,4.83
112,Rawson,AR,2021-12-04 00:19:53,-43.3002,-65.1023,61.54,42,1,22.86
113,Cabo San Lucas,MX,2021-12-04 00:17:43,22.8909,-109.9124,82.71,69,1,1.01
114,Kaura Namoda,NG,2021-12-04 00:19:54,12.5898,6.5779,70.92,23,52,8.23
115,Kenai,US,2021-12-04 00:17:04,60.5544,-151.2583,7.14,89,1,3.44
116,Luba,GQ,2021-12-04 00:19:54,3.4568,8.5547,81.12,83,100,4.61
117,Trairi,BR,2021-12-04 00:14:59,-3.2778,-39.2689,80.73,79,65,9.71
118,Puerto El Triunfo,SV,2021-12-04 00:19:55,13.2833,-88.55,78.96,65,100,1.74
119,Fereydun Kenar,IR,2021-12-04 00:19:55,36.6864,52.5225,50.29,81,6,6.06
120,Pushkino,RU,2021-12-04 00:19:56,56.0172,37.8667,31.41,86,100,11.63
121,Saskylakh,RU,2021-12-04 00:12:09,71.9167,114.0833,-18.58,97,100,13.02
122,Coquimbo,CL,2021-12-04 00:19:56,-29.9533,-71.3436,60.53,82,20,9.22
123,Cape Town,ZA,2021-12-04 00:19:43,-33.9258,18.4232,63.09,69,0,3.0
124,Griffith,US,2021-12-04 00:19:56,41.5284,-87.4237,44.42,77,1,3.44
125,Barela,IN,2021-12-04 00:19:57,23.1,80.05,57.78,58,73,4.07
126,West Wendover,US,2021-12-04 00:19:57,40.7391,-114.0733,43.81,53,1,0.0
127,Mufumbwe,ZM,2021-12-04 00:19:57,-13.6833,24.8,69.6,64,44,5.03
128,Puerto Ayora,EC,2021-12-04 00:12:04,-0.7393,-90.3518,68.09,89,59,7.25
129,Pangnirtung,CA,2021-12-04 00:19:58,66.1451,-65.7125,11.86,73,100,7.27
130,Souillac,MU,2021-12-04 00:14:39,-20.5167,57.5167,77.36,76,16,9.62
131,Quang Ngai,VN,2021-12-04 00:19:58,15.1167,108.8,66.31,79,86,7.72
132,Tuatapere,NZ,2021-12-04 00:19:59,-46.1333,167.6833,58.95,98,100,4.7
133,Avarua,CK,2021-12-04 00:13:31,-21.2078,-159.775,82.45,74,75,8.05
134,San Andres,CO,2021-12-04 00:19:59,12.5847,-81.7006,82.42,78,90,13.8
135,Chernyshevskiy,RU,2021-12-04 00:20:00,63.0128,112.4714,9.7,96,100,2.17
136,Nizhnevartovsk,RU,2021-12-04 00:20:00,60.9344,76.5531,23.02,93,75,8.95
137,Araouane,ML,2021-12-04 00:21:00,18.9048,-3.5265,70.18,17,92,10.98
138,Daru,PG,2021-12-04 00:21:01,-9.0763,143.2092,83.71,79,100,6.85
139,Tuktoyaktuk,CA,2021-12-04 00:21:01,69.4541,-133.0374,-22.0,69,20,9.22
140,San Quintin,MX,2021-12-04 00:21:01,30.4833,-115.95,61.66,79,3,12.17
141,Qaanaaq,GL,2021-12-04 00:14:44,77.484,-69.3632,9.1,93,100,2.84
142,La Rioja,ES,2021-12-04 00:21:02,42.25,-2.5,42.04,88,39,8.14
143,San Patricio,US,2021-12-04 00:21:02,28.017,-97.5169,75.61,77,1,9.98
144,Paragominas,BR,2021-12-04 00:21:02,-2.9667,-47.4833,73.8,95,99,3.04
145,Kodiak,US,2021-12-04 00:21:03,57.79,-152.4072,20.71,68,1,0.0
146,Mayya,RU,2021-12-04 00:21:03,61.7333,130.2811,-43.69,98,35,5.19
147,Acapulco,MX,2021-12-04 00:14:47,16.8634,-99.8901,84.02,74,40,9.22
148,Porosozero,RU,2021-12-04 00:21:04,62.7191,32.727,7.5,85,99,12.66
149,East London,ZA,2021-12-04 00:13:42,-33.0153,27.9116,64.6,76,99,7.7
150,Huarmey,PE,2021-12-04 00:21:04,-10.0681,-78.1522,67.84,83,63,10.54
151,Dikson,RU,2021-12-04 00:21:05,73.5069,80.5464,-22.09,95,98,13.73
152,Redmond,US,2021-12-04 00:21:05,47.674,-122.1215,43.3,83,100,1.01
153,Hyeres,FR,2021-12-04 00:21:05,43.1167,6.1167,47.68,53,0,1.14
154,Haverfordwest,GB,2021-12-04 00:21:06,51.8017,-4.9691,48.16,94,100,3.0
155,Zyryanka,RU,2021-12-04 00:21:06,65.75,150.85,-14.87,98,100,7.05
156,Berlevag,NO,2021-12-04 00:21:07,70.8578,29.0864,24.39,73,54,10.38
157,Oranjestad,AW,2021-12-04 00:21:07,12.524,-70.027,81.3,82,100,19.71
158,Fenoarivo,MG,2021-12-04 00:21:07,-18.933,47.4354,64.47,82,75,5.75
159,Sioux Lookout,CA,2021-12-04 00:21:07,50.1001,-91.917,26.98,93,90,9.22
160,Dehloran,IR,2021-12-04 00:21:08,32.6941,47.2679,57.34,37,1,2.62
161,Saint Anthony,US,2021-12-04 00:21:08,45.0205,-93.218,38.93,85,75,1.99
162,Dobric,RS,2021-12-04 00:21:08,44.7019,19.5814,40.08,75,98,3.74
163,Wagar,SD,2021-12-04 00:21:09,16.1525,36.2032,72.82,73,0,12.28
164,Road Town,VG,2021-12-04 00:20:27,18.4167,-64.6167,80.64,83,20,10.36
165,Maldonado,UY,2021-12-04 00:21:09,-34.6667,-54.9167,66.22,82,88,9.4
166,Husavik,IS,2021-12-04 00:21:10,66.0449,-17.3389,12.11,82,49,14.14
167,Shelburne,CA,2021-12-04 00:21:10,44.0787,-80.2041,29.75,81,63,6.17
168,Chokurdakh,RU,2021-12-04 00:21:10,70.6333,147.9167,-25.37,95,100,12.28
169,Lompoc,US,2021-12-04 00:13:11,34.6391,-120.4579,60.12,84,90,8.05
170,Jega,NG,2021-12-04 00:21:11,12.2175,4.3792,73.89,19,11,8.59
171,Pringsewu,ID,2021-12-04 00:21:11,-5.3582,104.9744,75.54,92,99,1.63
172,Nicoya,CR,2021-12-04 00:21:11,10.1483,-85.452,80.15,89,66,5.82
173,Srednekolymsk,RU,2021-12-04 00:21:12,67.45,153.6833,-14.91,96,100,13.69
174,San Luis,AR,2021-12-04 00:21:12,-33.295,-66.3356,67.69,77,75,16.11
175,Inhambane,MZ,2021-12-04 00:21:12,-23.865,35.3833,75.74,96,14,7.34
176,Montrose,US,2021-12-04 00:21:13,38.4166,-108.2673,43.14,50,10,0.72
177,Cidreira,BR,2021-12-04 00:17:19,-30.1811,-50.2056,68.77,79,51,19.84
178,Matara,LK,2021-12-04 00:21:13,5.9485,80.5353,76.28,88,91,1.21
179,Coffs Harbour,AU,2021-12-04 00:17:47,-30.3,153.1333,87.13,73,1,19.57
180,Severo-Kurilsk,RU,2021-12-04 00:21:13,50.6789,156.125,37.94,97,100,17.27
181,Grindavik,IS,2021-12-04 00:21:14,63.8424,-22.4338,28.35,100,0,9.22
182,Mhango,TZ,2021-12-04 00:21:14,-3.2833,32.85,66.97,63,17,3.44
183,Norman Wells,CA,2021-12-04 00:17:34,65.282,-126.8329,-39.96,67,20,3.44
184,Kavieng,PG,2021-12-04 00:22:15,-2.5744,150.7967,84.47,70,85,5.64
185,Nyurba,RU,2021-12-04 00:22:15,63.2842,118.3319,2.39,96,100,7.09
186,Broken Hill,AU,2021-12-04 00:22:16,-31.95,141.4333,67.98,26,64,19.51
187,Wladyslawowo,PL,2021-12-04 00:22:16,54.7909,18.4009,33.94,83,100,15.39
188,Namie,JP,2021-12-04 00:22:16,37.4833,141.0,48.96,86,50,4.97
189,Kirakira,SB,2021-12-04 00:22:17,-10.4544,161.9205,84.85,72,99,3.96
190,Nanortalik,GL,2021-12-04 00:22:17,60.1432,-45.2371,30.54,66,99,16.51
191,Vangaindrano,MG,2021-12-04 00:22:17,-23.35,47.6,72.84,92,46,5.64
192,Kalemie,CD,2021-12-04 00:22:18,-5.9475,29.1947,71.02,85,32,1.32
193,Tasiilaq,GL,2021-12-04 00:22:18,65.6145,-37.6368,26.76,60,43,9.04
194,Novopokrovka,UA,2021-12-04 00:22:18,49.8425,36.5477,34.18,96,100,9.24
195,Lamar,US,2021-12-04 00:22:19,33.6668,-95.5836,70.36,88,40,6.91
196,Sao Jose Da Coroa Grande,BR,2021-12-04 00:22:19,-8.8978,-35.1478,78.94,84,32,9.37
197,Aklavik,CA,2021-12-04 00:14:45,68.2191,-135.0107,-25.67,84,15,7.94
198,Vao,NC,2021-12-04 00:22:20,-22.6667,167.4833,76.86,79,49,13.13
199,Sola,VU,2021-12-04 00:22:20,-13.8833,167.55,84.87,74,90,0.0
200,Walvis Bay,NA,2021-12-04 00:22:20,-22.9575,14.5053,59.09,88,0,1.14
201,Ilulissat,GL,2021-12-04 00:14:40,69.2167,-51.1,14.02,62,41,33.38
202,Half Moon Bay,US,2021-12-04 00:22:21,37.4636,-122.4286,58.53,84,90,4.61
203,Tura,IN,2021-12-04 00:16:07,25.5198,90.2201,61.92,85,80,3.15
204,Saint-Philippe,RE,2021-12-04 00:14:46,-21.3585,55.7679,78.35,86,25,8.63
205,Bukachacha,RU,2021-12-04 00:22:21,52.9833,116.9167,-0.26,99,66,1.48
206,Mount Gambier,AU,2021-12-04 00:22:21,-37.8333,140.7667,63.07,53,70,9.93
207,Laguna,US,2021-12-04 00:14:39,38.421,-121.4238,68.65,89,1,1.01
208,Lambarene,GA,2021-12-04 00:22:22,-0.7001,10.2406,73.92,96,100,1.61
209,Nome,US,2021-12-04 00:22:22,64.5011,-165.4064,8.67,78,90,26.46
210,Muros,ES,2021-12-04 00:22:23,42.7762,-9.0603,57.09,92,50,14.25
211,Bilma,NE,2021-12-04 00:22:23,18.6853,12.9164,69.12,19,39,6.64
212,Sitka,US,2021-12-04 00:22:23,57.0531,-135.33,30.09,80,90,0.0
213,Usta Muhammad,PK,2021-12-04 00:22:24,28.1794,68.0445,61.16,29,0,3.02
214,Ushtobe,KZ,2021-12-04 00:22:24,45.2514,77.9838,42.57,67,100,2.42
215,Doha,QA,2021-12-04 00:22:24,25.2867,51.5333,66.18,57,0,9.22
216,Verkhoyansk,RU,2021-12-04 00:22:25,67.5447,133.385,-49.86,100,69,1.12
217,Dhidhdhoo,MV,2021-12-04 00:22:25,6.8833,73.1,81.61,76,26,4.05
218,Ejido,VE,2021-12-04 00:22:25,8.5514,-71.2375,68.09,95,62,2.06
219,Vardo,NO,2021-12-04 00:22:26,70.3705,31.1107,27.97,65,100,8.63
220,Mecca,SA,2021-12-04 00:21:51,21.4267,39.8261,71.6,51,0,1.3
221,Aksu,CN,2021-12-04 00:22:26,41.1231,80.2644,24.58,52,74,2.08
222,Nakuru,KE,2021-12-04 00:22:26,-0.2833,36.0667,59.32,88,85,0.49
223,Kaduqli,SD,2021-12-04 00:22:27,11.0167,29.7167,75.52,30,1,7.56
224,Ouesso,CG,2021-12-04 00:22:27,1.6136,16.0517,69.1,97,86,1.72
225,Lexington,US,2021-12-04 00:21:39,37.9887,-84.4777,60.8,63,1,6.91
226,Puerto Padre,CU,2021-12-04 00:22:28,21.195,-76.6028,78.01,76,87,10.56
227,Adrar,MR,2021-12-04 00:22:13,20.5022,-10.0711,65.86,22,100,9.13
228,Naze,JP,2021-12-04 00:22:28,28.3667,129.4833,59.92,57,88,19.55
229,Katsuura,JP,2021-12-04 00:22:28,35.1333,140.3,57.18,56,0,21.52
230,Saladoblanco,CO,2021-12-04 00:23:29,1.9924,-76.0434,63.25,97,100,1.72
231,Mingguang,CN,2021-12-04 00:23:29,32.7802,117.9638,43.99,43,19,4.52
232,Ixtapa,MX,2021-12-04 00:23:30,20.7,-105.2,80.22,78,20,4.61
233,Kamenka,RU,2021-12-04 00:23:30,51.3223,42.7678,42.75,70,100,21.09
234,Tierra Blanca,HN,2021-12-04 00:23:30,14.5833,-88.5833,71.62,99,53,3.8
235,Port Hardy,CA,2021-12-04 00:23:31,50.6996,-127.4199,39.76,93,90,2.3
236,Aksarka,RU,2021-12-04 00:14:49,66.5606,67.7975,-9.04,93,100,9.1
237,Neuquen,AR,2021-12-04 00:20:22,-38.9516,-68.0591,62.49,63,75,0.0
238,Mataram,ID,2021-12-04 00:23:31,-8.5833,116.1167,83.21,77,77,3.51
239,Vestmannaeyjar,IS,2021-12-04 00:23:31,63.4427,-20.2734,35.15,78,96,9.78
240,Marsa Matruh,EG,2021-12-04 00:23:32,31.3525,27.2453,62.13,54,100,11.56
241,Port Macquarie,AU,2021-12-04 00:23:32,-31.4333,152.9167,80.89,68,17,8.1
242,Kifri,IQ,2021-12-04 00:23:32,34.6959,44.9661,53.31,43,56,5.48
243,Patiya,BD,2021-12-04 00:23:33,22.2931,91.9762,65.82,77,54,3.09
244,Constitucion,CL,2021-12-04 00:23:33,-35.3333,-72.4167,53.51,76,0,12.86
245,Juayua,SV,2021-12-04 00:23:33,13.8414,-89.7456,75.74,73,8,3.33
246,Lavrentiya,RU,2021-12-04 00:23:34,65.5833,-171.0,15.04,96,100,7.09
247,Brae,GB,2021-12-04 00:23:34,60.3964,-1.353,42.71,75,52,6.85
248,Matiri,TZ,2021-12-04 00:23:34,-10.75,34.9,63.68,71,19,5.75
249,Cotonou,BJ,2021-12-04 00:23:35,6.3654,2.4183,84.18,84,20,10.36
250,Jerusalem,IL,2021-12-04 00:23:35,31.769,35.2163,52.72,73,100,1.01
251,Vrangel,RU,2021-12-04 00:21:21,42.7297,133.0839,20.48,60,36,14.65
252,Gerash,IR,2021-12-04 00:23:36,27.6652,54.1371,51.94,84,0,3.65
253,Yazman,PK,2021-12-04 00:23:36,29.1212,71.7446,61.02,24,0,7.52
254,Gao,ML,2021-12-04 00:23:36,16.6362,1.637,73.53,16,27,10.2
255,Chuy,UY,2021-12-04 00:23:37,-33.6971,-53.4616,62.78,81,77,9.15
256,Nchelenge,ZM,2021-12-04 00:23:37,-9.3451,28.734,72.25,70,12,3.96
257,Suez,EG,2021-12-04 00:23:37,29.9737,32.5263,59.14,66,100,4.43
258,Omsukchan,RU,2021-12-04 00:23:37,62.5333,155.8,-35.5,94,31,3.06
259,Zhangye,CN,2021-12-04 00:23:38,38.9342,100.4517,25.5,47,0,6.08
260,Belcesti,RO,2021-12-04 00:23:38,47.3,27.0833,37.17,78,100,3.87
261,Cedral,MX,2021-12-04 00:23:39,23.8,-100.7333,68.68,36,24,1.34
262,Mattru,SL,2021-12-04 00:23:39,7.6244,-11.8332,75.74,93,74,1.21
263,Kahului,US,2021-12-04 00:23:39,20.8947,-156.47,74.84,95,90,18.41
264,Whitehorse,CA,2021-12-04 00:23:40,60.7161,-135.0538,-0.98,77,90,5.99
265,Tselinnoye,RU,2021-12-04 00:23:40,53.0833,85.6667,26.91,89,94,13.24
266,Puerto Palomas,MX,2021-12-04 00:23:40,31.7667,-107.6167,69.13,22,1,6.82
267,Ayorou,NE,2021-12-04 00:23:41,14.7308,0.9174,77.43,14,52,9.57
268,Mastic Beach,US,2021-12-04 00:23:41,40.7668,-72.8521,41.99,55,1,3.0
269,Hervey Bay,AU,2021-12-04 00:22:04,-25.2986,152.8535,84.02,62,6,5.01
270,Plettenberg Bay,ZA,2021-12-04 00:23:41,-34.0527,23.3716,59.58,78,98,2.77
271,Udachnyy,RU,2021-12-04 00:19:41,66.4167,112.4,-5.76,98,100,11.72
272,Atambua,ID,2021-12-04 00:23:42,-9.1061,124.8925,77.23,81,98,3.15
273,Zavodouspenskoye,RU,2021-12-04 00:23:42,56.8626,65.0155,25.02,89,53,8.52
274,Nizwa,OM,2021-12-04 00:23:43,22.9333,57.5333,64.36,59,2,2.84
275,Reidsville,US,2021-12-04 00:23:43,36.3549,-79.6645,64.94,62,1,0.0
276,Abeche,TD,2021-12-04 00:24:43,13.8292,20.8324,74.73,22,1,8.68
277,Aitape,PG,2021-12-04 00:24:44,-3.1374,142.3475,85.66,70,97,4.0
278,Sao Sebastiao,BR,2021-12-04 00:24:44,-23.76,-45.4097,70.14,89,86,4.9
279,Vila,PT,2021-12-04 00:24:44,42.0304,-8.1588,45.48,95,100,5.95
280,Glazov,RU,2021-12-04 00:24:44,58.1394,52.6584,29.84,97,99,8.79
281,Nelson Bay,AU,2021-12-04 00:24:45,-32.7167,152.15,71.1,91,83,1.99
282,Ligayan,PH,2021-12-04 00:24:45,4.6533,119.4706,80.64,82,100,7.67
283,Axim,GH,2021-12-04 00:24:46,4.8699,-2.2405,79.41,86,38,7.31
284,Dzilam Gonzalez,MX,2021-12-04 00:24:46,21.2833,-88.9333,75.99,70,94,8.25
285,Rurrenabaque,BO,2021-12-04 00:24:46,-14.4413,-67.5278,79.84,79,83,0.92
286,Ahipara,NZ,2021-12-04 00:24:47,-35.1667,173.1667,65.68,88,100,7.78
287,Payson,US,2021-12-04 00:24:47,40.0444,-111.7321,55.0,56,1,0.0
288,Sigli,ID,2021-12-04 00:24:47,5.3848,95.9609,76.75,84,100,10.56
289,Kampot,KH,2021-12-04 00:24:48,10.6167,104.1833,75.25,81,57,9.6
290,Coolum Beach,AU,2021-12-04 00:24:48,-26.5333,153.1,84.34,69,10,6.69
291,Vila Velha,BR,2021-12-04 00:21:46,-20.3297,-40.2925,71.55,95,75,1.99
292,Hailun,CN,2021-12-04 00:24:49,47.45,126.9333,-13.14,89,4,2.3
293,Fougamou,GA,2021-12-04 00:24:49,-1.2154,10.5838,72.64,99,100,1.68
294,Punta Alta,AR,2021-12-04 00:24:49,-38.8759,-62.0736,58.24,66,94,15.39
295,Comodoro Rivadavia,AR,2021-12-04 00:24:49,-45.8667,-67.5,64.26,42,0,3.44
296,Cherskiy,RU,2021-12-04 00:24:50,68.75,161.3,-9.11,98,100,13.82
297,Pitlochry,GB,2021-12-04 00:24:50,56.7051,-3.7343,40.66,99,99,2.55
298,Mizdah,LY,2021-12-04 00:24:51,31.4451,12.9801,43.9,86,5,13.62
299,Geraldton,AU,2021-12-04 00:24:51,-28.7667,114.6,84.61,28,0,25.32
300,Tual,ID,2021-12-04 00:24:51,-5.6667,132.75,83.62,73,84,4.54
301,Tamsweg,AT,2021-12-04 00:24:52,47.1281,13.811,21.56,89,62,4.63
302,San Policarpo,PH,2021-12-04 00:21:18,12.1791,125.5072,80.1,72,85,16.44
303,Sault Sainte Marie,CA,2021-12-04 00:22:46,46.5168,-84.3333,28.89,86,90,3.44
304,Kieta,PG,2021-12-04 00:24:52,-6.2167,155.6333,86.22,67,46,3.85
305,Aripuana,BR,2021-12-04 00:24:53,-9.1667,-60.6333,73.29,98,100,2.17
306,Bay-Khaak,RU,2021-12-04 00:24:53,51.1667,94.5,1.9,89,100,3.8
307,Natal,BR,2021-12-04 00:23:00,-5.795,-35.2094,83.05,78,40,10.36
308,Senanga,ZM,2021-12-04 00:24:53,-16.1167,23.2667,78.53,37,77,3.29
309,Rantepao,ID,2021-12-04 00:24:54,-2.9701,119.8978,70.57,92,100,1.79
310,Hasaki,JP,2021-12-04 00:24:54,35.7333,140.8333,50.4,58,0,7.49
311,Wake Forest,US,2021-12-04 00:24:54,35.9799,-78.5097,61.25,57,1,1.01
312,Ribeira Grande,PT,2021-12-04 00:24:55,38.5167,-28.7,65.39,81,97,12.12
313,Nahavand,IR,2021-12-04 00:24:55,34.1885,48.377,36.28,57,58,1.12
314,Santa Cruz Cabralia,BR,2021-12-04 00:24:54,-16.2781,-39.0247,73.63,94,75,1.14
315,Yulara,AU,2021-12-04 00:24:55,-25.2406,130.9889,93.04,18,0,17.27
316,Moroto,UG,2021-12-04 00:24:56,2.5345,34.6666,67.23,66,60,5.88
317,Bocaiuva,BR,2021-12-04 00:24:56,-17.1078,-43.815,73.11,91,19,5.77
318,Suzhou,CN,2021-12-04 00:24:56,31.3114,120.6181,44.47,58,0,2.21
319,Huai Yot,TH,2021-12-04 00:24:57,7.7893,99.6348,74.82,95,91,2.62
320,Petropavlovsk-Kamchatskiy,RU,2021-12-04 00:25:57,53.0452,158.6483,37.99,81,75,15.66
321,Jardim,BR,2021-12-04 00:25:57,-21.4803,-56.1381,78.98,62,39,2.86
322,Te Anau,NZ,2021-12-04 00:25:58,-45.4167,167.7167,58.46,98,100,0.31
323,Ailigandi,PA,2021-12-04 00:25:58,9.2333,-78.0167,80.58,89,36,10.58
324,Topolobampo,MX,2021-12-04 00:25:58,25.6,-109.05,80.51,32,1,20.71
325,Lavumisa,SZ,2021-12-04 00:25:59,-27.31,31.892,68.74,96,100,1.68
326,Arlit,NE,2021-12-04 00:25:59,18.7369,7.3853,71.01,15,13,6.13
327,Dudinka,RU,2021-12-04 00:26:00,69.4058,86.1778,-25.38,93,100,16.64
328,Krasnogorsk,RU,2021-12-04 00:26:00,55.8225,37.3181,31.37,86,0,11.18
329,Zhigansk,RU,2021-12-04 00:26:00,66.7697,123.3711,-27.69,92,93,18.7
330,Sao Filipe,CV,2021-12-04 00:26:01,14.8961,-24.4956,75.61,69,96,9.6
331,Sao Miguel Do Araguaia,BR,2021-12-04 00:26:01,-13.275,-50.1628,75.81,88,93,1.5
332,Dingle,PH,2021-12-04 00:26:01,10.9995,122.6711,77.97,84,88,10.87
333,Vanimo,PG,2021-12-04 00:26:02,-2.6741,141.3028,85.01,72,91,2.24
334,Prince Rupert,CA,2021-12-04 00:26:02,54.3161,-130.3201,40.69,84,90,9.22
335,Wonthaggi,AU,2021-12-04 00:26:02,-38.6044,145.5913,65.05,72,93,14.67
336,Cam Ranh,VN,2021-12-04 00:26:03,11.9214,109.1591,69.76,60,20,6.91
337,Tomatlan,MX,2021-12-04 00:26:03,19.9333,-105.25,78.03,80,2,4.47
338,Krasnovka,RU,2021-12-04 00:26:03,48.8177,40.0923,45.3,80,95,16.87
339,Vostok,RU,2021-12-04 00:26:04,46.4856,135.8833,1.22,93,95,1.9
340,Labuhan,ID,2021-12-04 00:26:04,-6.8844,112.2051,80.71,82,100,5.84
341,Gushikawa,JP,2021-12-04 00:26:04,26.3544,127.8686,65.79,42,75,9.22
342,Soyo,AO,2021-12-04 00:26:05,-6.1349,12.3689,78.76,87,100,8.37
343,Moundsville,US,2021-12-04 00:26:05,39.9203,-80.7431,42.17,79,67,3.15
344,Ambon,ID,2021-12-04 00:26:05,-3.6954,128.1814,84.34,74,40,1.14
345,Brownsville,US,2021-12-04 00:26:06,25.9018,-97.4975,76.08,85,1,3.0
346,Matagami,CA,2021-12-04 00:26:06,49.7502,-77.6328,-0.29,78,1,6.91
347,Behbahan,IR,2021-12-04 00:26:06,30.5959,50.2417,49.32,55,0,4.16
348,Yumen,CN,2021-12-04 00:26:07,40.2833,97.2,26.69,34,0,13.53
349,Gazojak,TM,2021-12-04 00:26:07,41.1875,61.4036,38.77,62,100,14.36
350,Kaitangata,NZ,2021-12-04 00:26:07,-46.2817,169.8464,58.68,99,99,4.81
351,Richards Bay,ZA,2021-12-04 00:26:08,-28.783,32.0377,70.47,82,100,5.03
352,Porbandar,IN,2021-12-04 00:26:08,21.6422,69.6093,71.13,57,1,10.0
353,Asau,RO,2021-12-04 00:26:08,46.4333,26.4,34.75,77,100,1.77
354,Alofi,NU,2021-12-04 00:26:08,-19.0595,-169.9187,84.09,74,90,16.11
355,Sokoni,TZ,2021-12-04 00:26:09,-6.4333,39.55,80.17,78,3,9.24
356,Owando,CG,2021-12-04 00:26:09,-0.4819,15.8999,71.19,93,100,2.53
357,Manzini,SZ,2021-12-04 00:26:10,-26.25,31.5,67.62,97,100,3.13
358,Shenkursk,RU,2021-12-04 00:26:10,62.1091,42.896,3.02,91,100,9.6
359,Bourail,NC,2021-12-04 00:26:10,-21.5667,165.4833,84.67,60,82,2.82
360,Tagbac,PH,2021-12-04 00:26:11,7.089,125.1567,73.72,88,88,1.32
361,Moranbah,AU,2021-12-04 00:26:11,-22.0016,148.0466,86.0,48,4,12.84
362,Ancud,CL,2021-12-04 00:26:11,-41.8697,-73.8203,56.73,79,1,4.0
363,Honningsvag,NO,2021-12-04 00:26:12,70.9821,25.9704,27.1,66,26,11.21
364,Poum,NC,2021-12-04 00:26:12,-20.2333,164.0167,80.38,78,45,18.68
365,Saint-Georges,GD,2021-12-04 00:27:12,12.0564,-61.7485,78.48,89,20,8.05
366,Nassau,US,2021-12-04 00:26:00,40.7507,-73.5829,42.71,55,1,1.01
367,Selenginsk,RU,2021-12-04 00:24:13,52.0064,106.8647,3.61,78,7,7.76
368,Patacamaya,BO,2021-12-04 00:27:13,-17.2333,-67.9167,47.48,78,82,9.69
369,Pathein,MM,2021-12-04 00:27:13,16.7833,94.7333,70.93,84,89,5.91
370,Fontenay-Le-Comte,FR,2021-12-04 00:27:14,46.5833,-1.0,54.16,93,100,23.78
371,Sao Desiderio,BR,2021-12-04 00:27:14,-12.3633,-44.9733,72.39,87,94,2.17
372,Iracoubo,GF,2021-12-04 00:27:14,5.4802,-53.2011,77.77,88,74,8.68
373,Erzin,TR,2021-12-04 00:27:15,36.9559,36.2,46.92,52,100,5.32
374,Hovd,MN,2021-12-04 00:27:15,48.0056,91.6419,19.92,46,86,4.25
375,Skjervoy,NO,2021-12-04 00:27:16,70.0311,20.9714,23.76,73,2,21.59
376,Paita,PE,2021-12-04 00:27:16,-5.0892,-81.1144,67.24,82,49,13.73
377,Kenora,CA,2021-12-04 00:27:03,49.8167,-94.4337,28.38,68,90,13.8
378,High Rock,BS,2021-12-04 00:27:16,26.6208,-78.2833,68.02,59,64,6.29
379,Toora-Khem,RU,2021-12-04 00:27:17,52.4675,96.11,10.0,84,100,1.12
380,Chake Chake,TZ,2021-12-04 00:27:17,-5.2459,39.7666,77.0,85,4,4.99
381,Nouadhibou,MR,2021-12-04 00:27:17,20.931,-17.0347,64.38,77,2,17.27
382,Teguise,ES,2021-12-04 00:27:18,29.0605,-13.564,59.22,72,20,11.5
383,Chengde,CN,2021-12-04 00:27:18,40.9725,117.9361,30.42,49,1,3.4
384,Birchis,RO,2021-12-04 00:27:18,45.9667,22.1667,29.64,75,83,2.82
385,Atikokan,CA,2021-12-04 00:27:19,48.7555,-91.6216,26.2,74,84,12.33
386,Deputatskiy,RU,2021-12-04 00:27:19,69.3,139.9,-37.88,93,96,6.04
387,Ambilobe,MG,2021-12-04 00:27:19,-13.2,49.05,73.81,76,10,3.6
388,Tabuk,PH,2021-12-04 00:27:20,17.4189,121.4443,66.83,95,100,4.7
389,Terney,RU,2021-12-04 00:27:20,45.0503,136.6092,13.87,68,6,11.05
390,Kurilsk,RU,2021-12-04 00:27:20,45.2333,147.8833,41.02,91,99,15.68
391,Cartagena,CO,2021-12-04 00:22:22,10.3997,-75.5144,80.22,89,20,10.36
392,Meulaboh,ID,2021-12-04 00:27:21,4.1363,96.1285,75.33,85,90,3.09
393,Crowley,US,2021-12-04 00:27:21,30.2141,-92.3746,69.87,80,100,7.16
394,Darhan,MN,2021-12-04 00:27:22,49.4867,105.9228,12.13,83,58,7.43
395,Rio Gallegos,AR,2021-12-04 00:27:22,-51.6226,-69.2181,60.85,33,75,11.5
396,Sivaki,RU,2021-12-04 00:27:22,52.6333,126.75,-6.11,80,32,4.61
397,Ucluelet,CA,2021-12-04 00:27:23,48.9329,-125.5528,42.1,87,58,3.13
398,Moyale,KE,2021-12-04 00:27:23,3.5167,39.0584,66.27,67,9,3.94
399,Padang,ID,2021-12-04 00:27:23,-0.9492,100.3543,78.85,78,100,3.87
400,Brooks,CA,2021-12-04 00:22:50,50.5834,-111.8851,26.58,76,97,5.75
401,Buala,SB,2021-12-04 00:27:24,-8.145,159.5921,86.18,65,92,1.92
402,Palu,ID,2021-12-04 00:27:24,-0.8917,119.8707,80.83,77,100,1.07
403,Ouadda,CF,2021-12-04 00:26:46,8.0777,22.4007,72.46,42,56,4.61
404,Odweyne,SO,2021-12-04 00:27:25,9.4092,45.064,61.47,32,3,8.01
405,Los Llanos De Aridane,ES,2021-12-04 00:27:25,28.6585,-17.9182,61.12,74,75,8.99
406,Catamarca,AR,2021-12-04 00:27:25,-28.4696,-65.7852,84.78,50,59,4.0
407,Bambanglipuro,ID,2021-12-04 00:28:25,-7.95,110.2833,61.61,80,82,6.02
408,Usakos,NA,2021-12-04 00:28:26,-22.0,15.6,61.88,46,3,5.06
409,Klaksvik,FO,2021-12-04 00:28:26,62.2266,-6.589,34.72,67,21,5.39
410,Zeya,RU,2021-12-04 00:28:26,53.75,127.2667,-2.54,52,62,2.33
411,Shingu,JP,2021-12-04 00:28:27,33.7333,135.9833,52.79,64,26,9.95
412,Itarema,BR,2021-12-04 00:28:27,-2.9248,-39.9167,80.76,80,67,13.69
413,Kavaratti,IN,2021-12-04 00:28:27,10.5669,72.642,81.03,74,28,2.62
414,Erdenet,MN,2021-12-04 00:28:28,49.0333,104.0833,17.94,33,21,5.28
415,Traralgon,AU,2021-12-04 00:28:28,-38.1833,146.5333,61.18,70,77,5.99
416,Fairbanks,US,2021-12-04 00:27:23,64.8378,-147.7164,-18.4,60,1,5.75
417,Mitsamiouli,KM,2021-12-04 00:28:28,-11.3847,43.2844,80.33,74,46,12.21
418,Krasnoselkup,RU,2021-12-04 00:28:29,65.7,82.4667,-22.4,94,63,11.1
419,Gananoque,CA,2021-12-04 00:28:29,44.3334,-76.1661,28.94,44,34,6.96
420,Tazovskiy,RU,2021-12-04 00:28:29,67.4667,78.7,-22.18,93,72,11.07
421,Marawi,PH,2021-12-04 00:28:30,7.9986,124.2928,69.66,92,76,3.15
422,Gurupa,BR,2021-12-04 00:28:30,-1.405,-51.64,78.51,81,91,4.14
423,Airai,TL,2021-12-04 00:28:30,-8.9266,125.4092,63.79,87,95,0.45
424,Zambezi,ZM,2021-12-04 00:28:31,-13.5432,23.1047,67.51,75,56,4.47
425,Tuy Hoa,VN,2021-12-04 00:28:31,13.0833,109.3,68.27,76,99,9.04
426,Redlands,US,2021-12-04 00:28:31,34.0556,-117.1825,75.47,48,3,5.01
427,Chumikan,RU,2021-12-04 00:28:32,54.7183,135.315,-14.96,92,20,14.29
428,Alice Springs,AU,2021-12-04 00:27:45,-23.7,133.8833,92.75,20,3,12.66
429,Guayata,CO,2021-12-04 00:28:32,4.9642,-73.4875,60.57,99,88,0.92
430,Nanakuli,US,2021-12-04 00:28:33,21.3906,-158.1547,76.95,79,90,17.27
431,Vysokogornyy,RU,2021-12-04 00:28:33,50.1167,139.15,-1.82,90,75,4.03
432,Soligalich,RU,2021-12-04 00:28:33,59.0778,42.2864,29.55,98,100,6.46
433,Faya,SA,2021-12-04 00:28:34,18.3851,42.4509,50.11,30,4,5.1
434,Bemidji,US,2021-12-04 00:28:34,47.4736,-94.8803,29.97,54,1,14.97
435,Bo Rai,TH,2021-12-04 00:28:34,12.5728,102.5371,63.1,81,77,7.16
436,Puerto Colombia,CO,2021-12-04 00:28:35,10.9878,-74.9547,82.49,81,48,22.75
437,Almaznyy,RU,2021-12-04 00:28:35,48.0448,40.045,48.34,80,98,16.73
438,Olinda,BR,2021-12-04 00:24:56,-8.0089,-34.8553,82.13,74,40,8.05
439,Lima,PE,2021-12-04 00:28:35,-12.0432,-77.0282,70.9,72,0,17.27
440,Ulladulla,AU,2021-12-04 00:28:36,-35.35,150.4667,64.87,90,100,7.96
441,Alakurtti,RU,2021-12-04 00:28:36,66.9672,30.3491,-1.37,98,74,3.74
442,College,US,2021-12-04 00:28:11,64.8569,-147.8028,-9.74,70,1,5.75
443,Banjar,ID,2021-12-04 00:28:37,-8.19,114.9675,82.26,78,79,0.36
444,Papar,MY,2021-12-04 00:28:37,5.7333,115.9333,80.6,86,98,3.74
445,Charagua,BO,2021-12-04 00:28:37,-19.8,-63.2167,75.94,71,100,3.62
446,Tlacotalpan,MX,2021-12-04 00:28:38,18.6167,-95.6667,73.47,81,26,6.31
447,Leshukonskoye,RU,2021-12-04 00:28:38,64.8989,45.7622,-7.91,99,18,3.44
448,Saldanha,ZA,2021-12-04 00:28:38,-33.0117,17.9442,60.85,79,78,17.67
449,Otaki,NZ,2021-12-04 00:28:39,-40.7583,175.15,73.76,88,100,3.56
450,Esperance,AU,2021-12-04 00:28:39,-33.8667,121.9,64.24,58,0,11.12
451,Saint-Augustin,CA,2021-12-04 00:28:39,51.226,-58.6502,34.12,96,100,27.38
452,Chavakkad,IN,2021-12-04 00:29:40,10.5333,76.05,78.17,91,47,4.14
453,Sidney,AU,2021-12-04 00:25:06,-33.8679,151.2073,70.61,83,100,1.99
454,Talcahuano,CL,2021-12-04 00:29:40,-36.7167,-73.1167,58.68,67,0,14.97
455,Paamiut,GL,2021-12-04 00:28:29,61.994,-49.6678,22.71,68,100,11.99
456,Saint Austell,GB,2021-12-04 00:29:41,50.3383,-4.7658,50.56,100,90,8.05
457,Flinders,AU,2021-12-04 00:29:41,-34.5833,150.8552,68.18,83,100,7.05
458,San Francisco Del Mar,MX,2021-12-04 00:29:41,16.2333,-94.65,80.53,66,1,26.4
459,Jinchang,CN,2021-12-04 00:29:42,38.4953,102.1739,30.22,23,0,2.8
460,Port Augusta,AU,2021-12-04 00:29:42,-32.5,137.7667,71.71,35,71,18.28
461,Gamba,GA,2021-12-04 00:29:42,-2.65,10.0,76.48,89,100,5.1
462,Shimoda,JP,2021-12-04 00:29:43,34.6667,138.95,56.1,62,0,26.08
463,Batagay-Alyta,RU,2021-12-04 00:29:43,67.8006,130.4114,-42.21,93,10,2.91
464,Aranos,NA,2021-12-04 00:29:44,-24.1333,19.1167,69.21,70,99,10.29
465,Clovis,US,2021-12-04 00:29:44,36.8252,-119.7029,71.74,58,20,3.44
466,Ippy,CF,2021-12-04 00:29:44,6.2679,21.2247,74.68,69,69,3.15
467,Chokwe,MZ,2021-12-04 00:29:45,-24.5333,32.9833,74.55,91,40,7.7
468,Chimoio,MZ,2021-12-04 00:29:45,-19.1164,33.4833,73.26,94,75,2.33
469,Kalmunai,LK,2021-12-04 00:29:45,7.4167,81.8167,76.3,88,80,3.31
470,Oksfjord,NO,2021-12-04 00:29:46,70.2396,22.3479,16.72,92,40,11.32
471,Luena,AO,2021-12-04 00:29:46,-11.7833,19.9167,62.58,90,66,2.44
472,Erice,IT,2021-12-04 00:29:46,38.037,12.5865,50.47,77,40,17.27
473,Agadir,MA,2021-12-04 00:25:31,30.4202,-9.5982,48.65,54,0,4.34
474,Manokwari,ID,2021-12-04 00:29:47,-0.8667,134.0833,81.95,77,100,11.9
475,Korla,CN,2021-12-04 00:29:47,41.7597,86.1469,25.0,55,80,2.57
476,Wewak,PG,2021-12-04 00:29:47,-3.5534,143.6268,85.28,68,88,0.27
477,Ploemeur,FR,2021-12-04 00:29:48,47.7333,-3.4333,55.99,96,90,20.71
478,Kloulklubed,PW,2021-12-04 00:29:48,7.0419,134.2556,82.9,78,100,16.73
479,Montepuez,MZ,2021-12-04 00:29:48,-13.1256,38.9997,69.67,91,30,4.68
480,Coos Bay,US,2021-12-04 00:29:49,43.3665,-124.2179,53.58,88,1,6.91
481,Necochea,AR,2021-12-04 00:29:49,-38.5473,-58.7368,55.04,77,99,11.79
482,Hofn,IS,2021-12-04 00:29:49,64.2539,-15.2082,30.96,58,5,10.58
483,Kempsey,AU,2021-12-04 00:29:50,-31.0833,152.8333,80.94,76,9,10.0
484,Ruteng,ID,2021-12-04 00:29:50,-8.6136,120.4721,69.67,80,100,1.23
485,San Cristobal,VE,2021-12-04 00:25:38,7.7669,-72.225,73.58,87,25,1.52
486,Yangjiang,CN,2021-12-04 00:29:50,21.85,111.9667,55.15,40,70,6.93
487,Namatanai,PG,2021-12-04 00:29:51,-3.6667,152.4333,84.25,75,79,9.93
488,Okha,RU,2021-12-04 00:26:57,53.5739,142.9478,14.18,86,85,11.79
489,Lata,PT,2021-12-04 00:29:51,40.1629,-8.3327,51.82,88,83,1.39
490,Doka,SD,2021-12-04 00:29:52,13.5167,35.7667,76.66,35,0,11.3
491,Calama,CL,2021-12-04 00:29:52,-22.4667,-68.9333,66.69,10,0,20.71
492,Pachora,IN,2021-12-04 00:29:52,20.6667,75.35,69.91,47,81,6.15
493,Galle,LK,2021-12-04 00:29:14,6.0367,80.217,77.43,84,83,2.51
494,Zelenoborsk,RU,2021-12-04 00:29:53,61.4669,64.0333,5.9,94,42,5.73
495,Mangrol,IN,2021-12-04 00:29:53,21.1167,70.1167,70.03,62,2,8.81
496,Port Lincoln,AU,2021-12-04 00:29:54,-34.7333,135.8667,61.83,59,27,10.78
497,Mandalgovi,MN,2021-12-04 00:29:54,45.7625,106.2708,20.86,28,0,8.25
498,Talakan,RU,2021-12-04 00:30:54,50.3167,130.3667,-10.28,93,52,0.87
499,Brunico,IT,2021-12-04 00:30:55,46.7958,11.9364,27.39,78,100,2.06
500,Tabas,IR,2021-12-04 00:30:55,33.5959,56.9244,47.28,68,7,4.18
501,Hambantota,LK,2021-12-04 00:30:55,6.1241,81.1185,77.59,84,88,2.64
502,Mogadishu,SO,2021-12-04 00:30:56,2.0371,45.3438,79.2,74,13,12.57
503,Tondano,ID,2021-12-04 00:30:56,1.3038,124.9112,71.69,87,100,2.06
504,Cayenne,GF,2021-12-04 00:30:56,4.9333,-52.3333,76.08,91,90,7.0
505,Jurm,AF,2021-12-04 00:30:57,36.8648,70.8342,43.2,37,100,3.56
506,Dalianwan,CN,2021-12-04 00:30:57,39.0286,121.695,33.84,80,0,4.47
507,Mahibadhoo,MV,2021-12-04 00:30:57,3.7833,72.9667,82.11,74,6,7.7
508,Palmer,US,2021-12-04 00:30:58,42.1584,-72.3287,34.48,54,1,8.05
509,Petrolina,BR,2021-12-04 00:30:58,-9.3986,-40.5008,78.85,73,0,5.48
510,Weligama,LK,2021-12-04 00:30:58,5.9667,80.4167,76.62,87,84,1.19
511,Kudahuvadhoo,MV,2021-12-04 00:30:59,2.6708,72.8944,82.44,74,17,9.24
512,Walla Walla,US,2021-12-04 00:29:20,46.0646,-118.343,47.52,71,90,1.01
513,Martapura,ID,2021-12-04 00:30:59,-3.4167,114.85,75.29,94,40,3.44
514,Gobabis,NA,2021-12-04 00:31:00,-22.45,18.9667,66.97,76,100,5.95
515,Gezing,AT,2021-12-04 00:31:00,47.9178,13.1299,29.1,93,100,12.66
516,Muromtsevo,RU,2021-12-04 00:31:00,56.3724,75.2418,24.62,92,100,12.48
517,Clyde River,CA,2021-12-04 00:31:01,70.4692,-68.5914,-10.23,94,45,5.55
518,Eskilstuna,SE,2021-12-04 00:31:01,59.3666,16.5077,21.72,92,99,4.34
519,Adeje,ES,2021-12-04 00:31:02,28.1227,-16.726,66.56,60,20,1.01
520,Ponta Delgada,PT,2021-12-04 00:31:02,37.7333,-25.6667,59.5,88,40,3.44
521,Paraiso,CR,2021-12-04 00:31:02,9.8383,-83.8656,70.66,89,96,4.36
522,Banda Aceh,ID,2021-12-04 00:31:03,5.5577,95.3222,77.43,82,100,9.19
523,The Valley,AI,2021-12-04 00:31:03,18.217,-63.0578,81.1,75,33,14.83
524,Talas,TR,2021-12-04 00:26:48,38.6908,35.5538,25.47,93,0,0.0
525,Pevek,RU,2021-12-04 00:31:03,69.7008,170.3133,-6.38,94,100,15.79
526,Puerto Leguizamo,CO,2021-12-04 00:31:04,-0.1934,-74.7819,71.83,98,100,2.48
527,Julio De Castilhos,BR,2021-12-04 00:31:04,-29.2269,-53.6817,70.18,75,0,15.19
528,Goderich,CA,2021-12-04 00:31:04,43.7501,-81.7165,35.91,80,100,3.44
529,Sembakung,ID,2021-12-04 00:31:05,3.8167,117.25,76.93,97,100,1.77
530,Nouakchott,MR,2021-12-04 00:26:18,18.0858,-15.9785,75.13,32,99,11.79
531,Dolores,AR,2021-12-04 00:30:02,-36.3132,-57.6792,60.55,84,99,3.09
532,Kralendijk,BQ,2021-12-04 00:31:05,12.15,-68.2667,78.78,89,75,8.05
533,Manjacaze,MZ,2021-12-04 00:31:06,-24.7117,33.8828,71.64,92,26,3.04
534,Saint-Joseph,RE,2021-12-04 00:30:05,-21.3667,55.6167,74.21,84,28,7.52
535,Balad,IQ,2021-12-04 00:31:06,34.0164,44.1453,50.65,34,37,8.3
536,Pisco,PE,2021-12-04 00:31:07,-13.7,-76.2167,66.25,82,0,18.41
537,Juba,SS,2021-12-04 00:31:07,4.8517,31.5825,79.21,57,21,2.04
538,Batagay,RU,2021-12-04 00:31:07,67.6333,134.6333,-43.13,99,37,3.78
539,Vagur,FO,2021-12-04 00:31:08,61.4732,-6.8119,42.58,64,89,5.79
540,Acara,BR,2021-12-04 00:31:08,-1.9608,-48.1967,74.21,97,100,2.59
541,Kuytun,RU,2021-12-04 00:31:08,54.3419,101.5036,19.24,83,100,2.62
542,Northam,GB,2021-12-04 00:31:09,51.0333,-4.2167,48.42,94,100,16.04
543,Kulhudhuffushi,MV,2021-12-04 00:31:09,6.6221,73.07,81.77,75,9,3.69
544,Sidmouth,GB,2021-12-04 00:32:09,50.6909,-3.2397,48.43,96,100,1.14
545,Cabedelo,BR,2021-12-04 00:32:10,-6.9811,-34.8339,81.27,82,77,10.29
546,La Ronge,CA,2021-12-04 00:32:10,55.1001,-105.2842,8.85,72,90,8.05
547,Torbat-E Jam,IR,2021-12-04 00:32:11,35.244,60.6225,39.6,87,100,3.62
548,Yamada,JP,2021-12-04 00:28:29,39.4667,141.95,44.87,68,87,6.04
549,Montgomery,US,2021-12-04 00:32:11,39.1501,-77.1997,49.62,57,90,1.01
550,Mehamn,NO,2021-12-04 00:32:11,71.0357,27.8492,19.65,76,27,8.72
551,Solnechnyy,RU,2021-12-04 00:32:12,50.7214,136.6319,2.32,82,8,1.9
552,Balkanabat,TM,2021-12-04 00:32:12,39.5108,54.3671,42.85,76,4,8.72
553,Belle Fourche,US,2021-12-04 00:32:02,44.6714,-103.8522,40.32,57,100,7.47
554,Bairiki,KI,2021-12-04 00:32:12,1.3292,172.9752,87.8,62,20,9.22
555,Honiara,SB,2021-12-04 00:32:13,-9.4333,159.95,83.53,76,100,2.66
556,Novoagansk,RU,2021-12-04 00:32:13,61.9449,76.6625,6.98,95,100,6.29
557,Nagorsk,RU,2021-12-04 00:32:13,59.3172,50.8078,21.85,96,100,6.78
558,Marsh Harbour,BS,2021-12-04 00:29:21,26.5412,-77.0636,73.9,61,45,5.93
